timeStamp,elapsed,label,responseCode,responseMessage,threadName,dataType,success,failureMessage,bytes,sentBytes,grpThreads,allThreads,URL,Latency,IdleTime,Connect
1716537660577,1581,config 2 req,200,OK,config 2 1-2,text,true,,231,158,397,397,http://localhost:8080/?token=492521322&user=2133571821&config=2,1581,0,0
1716537660581,1577,config 2 req,200,OK,config 2 1-3,text,true,,231,158,397,397,http://localhost:8080/?token=492521322&user=2133571821&config=2,1577,0,0
1716537660572,1586,config 2 req,200,OK,config 2 1-1,text,true,,231,158,397,397,http://localhost:8080/?token=492521322&user=2133571821&config=2,1586,0,1
1716537660612,2772,config 2 req,200,OK,config 2 1-11,text,true,,231,158,497,497,http://localhost:8080/?token=492521322&user=2133571821&config=2,2772,0,1
1716537660608,2776,config 2 req,200,OK,config 2 1-10,text,true,,231,158,497,497,http://localhost:8080/?token=492521322&user=2133571821&config=2,2776,0,1
1716537660616,2768,config 2 req,200,OK,config 2 1-12,text,true,,231,158,497,497,http://localhost:8080/?token=492521322&user=2133571821&config=2,2768,0,0
1716537660593,2791,config 2 req,200,OK,config 2 1-6,text,true,,231,158,497,497,http://localhost:8080/?token=492521322&user=2133571821&config=2,2791,0,0
1716537660601,2783,config 2 req,200,OK,config 2 1-8,text,true,,231,158,497,497,http://localhost:8080/?token=492521322&user=2133571821&config=2,2783,0,0
1716537660585,2799,config 2 req,200,OK,config 2 1-4,text,true,,231,158,497,497,http://localhost:8080/?token=492521322&user=2133571821&config=2,2799,0,0
1716537660589,2795,config 2 req,200,OK,config 2 1-5,text,true,,231,158,497,497,http://localhost:8080/?token=492521322&user=2133571821&config=2,2795,0,0
1716537660620,2764,config 2 req,200,OK,config 2 1-13,text,true,,231,158,497,497,http://localhost:8080/?token=492521322&user=2133571821&config=2,2764,0,1
1716537660597,2787,config 2 req,200,OK,config 2 1-7,text,true,,231,158,497,497,http://localhost:8080/?token=492521322&user=2133571821&config=2,2787,0,0
1716537660628,2756,config 2 req,200,OK,config 2 1-15,text,true,,231,158,497,497,http://localhost:8080/?token=492521322&user=2133571821&config=2,2756,0,1
1716537660633,2751,config 2 req,200,OK,config 2 1-16,text,true,,231,158,497,497,http://localhost:8080/?token=492521322&user=2133571821&config=2,2751,0,0
1716537660637,2747,config 2 req,200,OK,config 2 1-17,text,true,,231,158,497,497,http://localhost:8080/?token=492521322&user=2133571821&config=2,2747,0,0
1716537660641,2743,config 2 req,200,OK,config 2 1-18,text,true,,231,158,497,497,http://localhost:8080/?token=492521322&user=2133571821&config=2,2743,0,0
1716537660604,2780,config 2 req,200,OK,config 2 1-9,text,true,,231,158,497,497,http://localhost:8080/?token=492521322&user=2133571821&config=2,2780,0,0
1716537660624,2760,config 2 req,200,OK,config 2 1-14,text,true,,231,158,497,497,http://localhost:8080/?token=492521322&user=2133571821&config=2,2760,0,1
1716537660645,2739,config 2 req,200,OK,config 2 1-19,text,true,,231,158,497,497,http://localhost:8080/?token=492521322&user=2133571821&config=2,2739,0,0
1716537660649,2735,config 2 req,200,OK,config 2 1-20,text,true,,231,158,497,497,http://localhost:8080/?token=492521322&user=2133571821&config=2,2735,0,0
1716537660653,2731,config 2 req,200,OK,config 2 1-21,text,true,,231,158,497,497,http://localhost:8080/?token=492521322&user=2133571821&config=2,2731,0,0
1716537660656,2728,config 2 req,200,OK,config 2 1-22,text,true,,231,158,497,497,http://localhost:8080/?token=492521322&user=2133571821&config=2,2728,0,0
1716537660660,2724,config 2 req,200,OK,config 2 1-23,text,true,,231,158,497,497,http://localhost:8080/?token=492521322&user=2133571821&config=2,2724,0,0
1716537660664,2720,config 2 req,200,OK,config 2 1-24,text,true,,231,158,497,497,http://localhost:8080/?token=492521322&user=2133571821&config=2,2720,0,0
1716537660668,2717,config 2 req,200,OK,config 2 1-25,text,true,,231,158,497,497,http://localhost:8080/?token=492521322&user=2133571821&config=2,2717,0,1
1716537660672,2713,config 2 req,200,OK,config 2 1-26,text,true,,231,158,497,497,http://localhost:8080/?token=492521322&user=2133571821&config=2,2713,0,1
1716537660676,2709,config 2 req,200,OK,config 2 1-27,text,true,,231,158,496,496,http://localhost:8080/?token=492521322&user=2133571821&config=2,2709,0,1
1716537660681,2704,config 2 req,200,OK,config 2 1-28,text,true,,231,158,495,495,http://localhost:8080/?token=492521322&user=2133571821&config=2,2704,0,0
1716537660685,2700,config 2 req,200,OK,config 2 1-29,text,true,,231,158,495,495,http://localhost:8080/?token=492521322&user=2133571821&config=2,2700,0,0
1716537660689,2696,config 2 req,200,OK,config 2 1-30,text,true,,231,158,494,494,http://localhost:8080/?token=492521322&user=2133571821&config=2,2696,0,0
1716537660693,2692,config 2 req,200,OK,config 2 1-31,text,true,,231,158,494,494,http://localhost:8080/?token=492521322&user=2133571821&config=2,2692,0,0
1716537660697,2688,config 2 req,200,OK,config 2 1-32,text,true,,231,158,494,494,http://localhost:8080/?token=492521322&user=2133571821&config=2,2688,0,0
1716537660701,2684,config 2 req,200,OK,config 2 1-33,text,true,,231,158,493,493,http://localhost:8080/?token=492521322&user=2133571821&config=2,2684,0,0
1716537660704,2681,config 2 req,200,OK,config 2 1-34,text,true,,231,158,493,493,http://localhost:8080/?token=492521322&user=2133571821&config=2,2681,0,0
1716537660708,2677,config 2 req,200,OK,config 2 1-35,text,true,,231,158,492,492,http://localhost:8080/?token=492521322&user=2133571821&config=2,2677,0,0
1716537660712,2673,config 2 req,200,OK,config 2 1-36,text,true,,231,158,492,492,http://localhost:8080/?token=492521322&user=2133571821&config=2,2673,0,0
1716537660716,2669,config 2 req,200,OK,config 2 1-37,text,true,,231,158,491,491,http://localhost:8080/?token=492521322&user=2133571821&config=2,2669,0,0
1716537660720,2665,config 2 req,200,OK,config 2 1-38,text,true,,231,158,491,491,http://localhost:8080/?token=492521322&user=2133571821&config=2,2665,0,0
1716537660724,2661,config 2 req,200,OK,config 2 1-39,text,true,,231,158,491,491,http://localhost:8080/?token=492521322&user=2133571821&config=2,2661,0,1
1716537660728,2657,config 2 req,200,OK,config 2 1-40,text,true,,231,158,490,490,http://localhost:8080/?token=492521322&user=2133571821&config=2,2657,0,1
1716537660732,2653,config 2 req,200,OK,config 2 1-41,text,true,,231,158,490,490,http://localhost:8080/?token=492521322&user=2133571821&config=2,2653,0,1
1716537660737,2648,config 2 req,200,OK,config 2 1-42,text,true,,231,158,490,490,http://localhost:8080/?token=492521322&user=2133571821&config=2,2648,0,0
1716537660741,2645,config 2 req,200,OK,config 2 1-43,text,true,,231,158,489,489,http://localhost:8080/?token=492521322&user=2133571821&config=2,2645,0,0
1716537660745,2641,config 2 req,200,OK,config 2 1-44,text,true,,231,158,488,488,http://localhost:8080/?token=492521322&user=2133571821&config=2,2641,0,0
1716537660749,2637,config 2 req,200,OK,config 2 1-45,text,true,,231,158,488,488,http://localhost:8080/?token=492521322&user=2133571821&config=2,2637,0,0
1716537660757,2629,config 2 req,200,OK,config 2 1-47,text,true,,231,158,488,488,http://localhost:8080/?token=492521322&user=2133571821&config=2,2629,0,0
1716537660753,2633,config 2 req,200,OK,config 2 1-46,text,true,,231,158,487,487,http://localhost:8080/?token=492521322&user=2133571821&config=2,2633,0,0
1716537660764,2623,config 2 req,200,OK,config 2 1-49,text,true,,231,158,453,453,http://localhost:8080/?token=492521322&user=2133571821&config=2,2623,0,0
1716537660761,2626,config 2 req,200,OK,config 2 1-48,text,true,,231,158,453,453,http://localhost:8080/?token=492521322&user=2133571821&config=2,2626,0,0
1716537660768,2619,config 2 req,200,OK,config 2 1-50,text,true,,231,158,453,453,http://localhost:8080/?token=492521322&user=2133571821&config=2,2619,0,0
1716537660772,2615,config 2 req,200,OK,config 2 1-51,text,true,,231,158,453,453,http://localhost:8080/?token=492521322&user=2133571821&config=2,2615,0,0
1716537660776,2611,config 2 req,200,OK,config 2 1-52,text,true,,231,158,453,453,http://localhost:8080/?token=492521322&user=2133571821&config=2,2611,0,0
1716537660780,2607,config 2 req,200,OK,config 2 1-53,text,true,,231,158,453,453,http://localhost:8080/?token=492521322&user=2133571821&config=2,2607,0,1
1716537660801,2586,config 2 req,200,OK,config 2 1-58,text,true,,231,158,448,448,http://localhost:8080/?token=492521322&user=2133571821&config=2,2586,0,0
1716537660797,2590,config 2 req,200,OK,config 2 1-57,text,true,,231,158,450,450,http://localhost:8080/?token=492521322&user=2133571821&config=2,2590,0,0
1716537660793,2594,config 2 req,200,OK,config 2 1-56,text,true,,231,158,450,450,http://localhost:8080/?token=492521322&user=2133571821&config=2,2594,0,0
1716537660789,2598,config 2 req,200,OK,config 2 1-55,text,true,,231,158,451,451,http://localhost:8080/?token=492521322&user=2133571821&config=2,2598,0,0
1716537660785,2602,config 2 req,200,OK,config 2 1-54,text,true,,231,158,452,452,http://localhost:8080/?token=492521322&user=2133571821&config=2,2602,0,0
1716537660805,2583,config 2 req,200,OK,config 2 1-59,text,true,,231,158,448,448,http://localhost:8080/?token=492521322&user=2133571821&config=2,2583,0,0
1716537660809,2579,config 2 req,200,OK,config 2 1-60,text,true,,231,158,448,448,http://localhost:8080/?token=492521322&user=2133571821&config=2,2579,0,0
1716537660816,2572,config 2 req,200,OK,config 2 1-62,text,true,,231,158,448,448,http://localhost:8080/?token=492521322&user=2133571821&config=2,2572,0,0
1716537660812,2576,config 2 req,200,OK,config 2 1-61,text,true,,231,158,448,448,http://localhost:8080/?token=492521322&user=2133571821&config=2,2576,0,0
1716537660820,2568,config 2 req,200,OK,config 2 1-63,text,true,,231,158,448,448,http://localhost:8080/?token=492521322&user=2133571821&config=2,2568,0,0
1716537660829,2559,config 2 req,200,OK,config 2 1-65,text,true,,231,158,443,443,http://localhost:8080/?token=492521322&user=2133571821&config=2,2559,0,0
1716537660833,2555,config 2 req,200,OK,config 2 1-66,text,true,,231,158,442,442,http://localhost:8080/?token=492521322&user=2133571821&config=2,2555,0,0
1716537660849,2617,config 2 req,200,OK,config 2 1-70,text,true,,231,158,435,435,http://localhost:8080/?token=492521322&user=2133571821&config=2,2617,0,0
1716537660841,2625,config 2 req,200,OK,config 2 1-68,text,true,,231,158,435,435,http://localhost:8080/?token=492521322&user=2133571821&config=2,2625,0,0
1716537660837,2629,config 2 req,200,OK,config 2 1-67,text,true,,231,158,435,435,http://localhost:8080/?token=492521322&user=2133571821&config=2,2629,0,0
1716537660824,2642,config 2 req,200,OK,config 2 1-64,text,true,,231,158,435,435,http://localhost:8080/?token=492521322&user=2133571821&config=2,2642,0,1
1716537660853,2683,config 2 req,200,OK,config 2 1-71,text,true,,231,158,431,431,http://localhost:8080/?token=492521322&user=2133571821&config=2,2683,0,0
1716537660845,2691,config 2 req,200,OK,config 2 1-69,text,true,,231,158,431,431,http://localhost:8080/?token=492521322&user=2133571821&config=2,2691,0,0
1716537660864,2672,config 2 req,200,OK,config 2 1-74,text,true,,231,158,431,431,http://localhost:8080/?token=492521322&user=2133571821&config=2,2672,0,0
1716537660876,2660,config 2 req,200,OK,config 2 1-77,text,true,,231,158,431,431,http://localhost:8080/?token=492521322&user=2133571821&config=2,2660,0,0
1716537660860,2676,config 2 req,200,OK,config 2 1-73,text,true,,231,158,431,431,http://localhost:8080/?token=492521322&user=2133571821&config=2,2676,0,0
1716537660857,2679,config 2 req,200,OK,config 2 1-72,text,true,,231,158,431,431,http://localhost:8080/?token=492521322&user=2133571821&config=2,2679,0,0
1716537660885,2651,config 2 req,200,OK,config 2 1-79,text,true,,231,158,431,431,http://localhost:8080/?token=492521322&user=2133571821&config=2,2651,0,0
1716537660872,2664,config 2 req,200,OK,config 2 1-76,text,true,,231,158,431,431,http://localhost:8080/?token=492521322&user=2133571821&config=2,2664,0,0
1716537660868,2668,config 2 req,200,OK,config 2 1-75,text,true,,231,158,431,431,http://localhost:8080/?token=492521322&user=2133571821&config=2,2668,0,0
1716537660893,2643,config 2 req,200,OK,config 2 1-81,text,true,,231,158,431,431,http://localhost:8080/?token=492521322&user=2133571821&config=2,2643,0,0
1716537660897,2639,config 2 req,200,OK,config 2 1-82,text,true,,231,158,431,431,http://localhost:8080/?token=492521322&user=2133571821&config=2,2639,0,0
1716537660901,2635,config 2 req,200,OK,config 2 1-83,text,true,,231,158,431,431,http://localhost:8080/?token=492521322&user=2133571821&config=2,2635,0,0
1716537660881,2655,config 2 req,200,OK,config 2 1-78,text,true,,231,158,431,431,http://localhost:8080/?token=492521322&user=2133571821&config=2,2655,0,0
1716537660912,2624,config 2 req,200,OK,config 2 1-86,text,true,,231,158,431,431,http://localhost:8080/?token=492521322&user=2133571821&config=2,2624,0,0
1716537660889,2647,config 2 req,200,OK,config 2 1-80,text,true,,231,158,431,431,http://localhost:8080/?token=492521322&user=2133571821&config=2,2647,0,0
1716537660924,2612,config 2 req,200,OK,config 2 1-89,text,true,,231,158,431,431,http://localhost:8080/?token=492521322&user=2133571821&config=2,2612,0,0
1716537660909,4314,config 2 req,200,OK,config 2 1-85,text,true,,231,158,415,415,http://localhost:8080/?token=492521322&user=2133571821&config=2,4314,0,0
1716537660920,6538,config 2 req,200,OK,config 2 1-88,text,true,,231,158,414,414,http://localhost:8080/?token=492521322&user=2133571821&config=2,6538,0,0
1716537660905,7040,config 2 req,200,OK,config 2 1-84,text,true,,231,158,413,413,http://localhost:8080/?token=492521322&user=2133571821&config=2,7040,0,0
1716537660916,7076,config 2 req,200,OK,config 2 1-87,text,true,,231,158,412,412,http://localhost:8080/?token=492521322&user=2133571821&config=2,7076,0,0
1716537660928,7064,config 2 req,200,OK,config 2 1-90,text,true,,231,158,412,412,http://localhost:8080/?token=492521322&user=2133571821&config=2,7064,0,1
1716537660933,7059,config 2 req,200,OK,config 2 1-91,text,true,,231,158,412,412,http://localhost:8080/?token=492521322&user=2133571821&config=2,7059,0,0
1716537660941,7051,config 2 req,200,OK,config 2 1-93,text,true,,231,158,412,412,http://localhost:8080/?token=492521322&user=2133571821&config=2,7051,0,0
1716537660945,7047,config 2 req,200,OK,config 2 1-94,text,true,,231,158,412,412,http://localhost:8080/?token=492521322&user=2133571821&config=2,7047,0,0
1716537660949,7043,config 2 req,200,OK,config 2 1-95,text,true,,231,158,412,412,http://localhost:8080/?token=492521322&user=2133571821&config=2,7043,0,0
1716537660937,7055,config 2 req,200,OK,config 2 1-92,text,true,,231,158,411,411,http://localhost:8080/?token=492521322&user=2133571821&config=2,7055,0,0
1716537662485,5532,config 2 req,503,Service Unavailable,config 2 1-479,text,false,,237,158,405,405,http://localhost:8080/?token=492521322&user=2133571821&config=2,5532,0,0
1716537662493,5524,config 2 req,503,Service Unavailable,config 2 1-481,text,false,,237,158,405,405,http://localhost:8080/?token=492521322&user=2133571821&config=2,5524,0,0
1716537662496,5521,config 2 req,503,Service Unavailable,config 2 1-482,text,false,,237,158,405,405,http://localhost:8080/?token=492521322&user=2133571821&config=2,5521,0,0
1716537662489,5531,config 2 req,503,Service Unavailable,config 2 1-480,text,false,,237,158,402,402,http://localhost:8080/?token=492521322&user=2133571821&config=2,5531,0,0
1716537662504,5516,config 2 req,503,Service Unavailable,config 2 1-484,text,false,,237,158,402,402,http://localhost:8080/?token=492521322&user=2133571821&config=2,5516,0,0
1716537662508,5512,config 2 req,503,Service Unavailable,config 2 1-485,text,false,,237,158,402,402,http://localhost:8080/?token=492521322&user=2133571821&config=2,5512,0,0
1716537662512,5508,config 2 req,503,Service Unavailable,config 2 1-486,text,false,,237,158,401,401,http://localhost:8080/?token=492521322&user=2133571821&config=2,5508,0,0
1716537662520,5500,config 2 req,503,Service Unavailable,config 2 1-488,text,false,,237,158,401,401,http://localhost:8080/?token=492521322&user=2133571821&config=2,5500,0,0
1716537662524,5496,config 2 req,503,Service Unavailable,config 2 1-489,text,false,,237,158,400,400,http://localhost:8080/?token=492521322&user=2133571821&config=2,5496,0,1
1716537662533,5487,config 2 req,503,Service Unavailable,config 2 1-491,text,false,,237,158,400,400,http://localhost:8080/?token=492521322&user=2133571821&config=2,5487,0,0
1716537662537,5483,config 2 req,503,Service Unavailable,config 2 1-492,text,false,,237,158,400,400,http://localhost:8080/?token=492521322&user=2133571821&config=2,5483,0,0
1716537662528,5492,config 2 req,503,Service Unavailable,config 2 1-490,text,false,,237,158,399,399,http://localhost:8080/?token=492521322&user=2133571821&config=2,5492,0,1
1716537662553,5467,config 2 req,503,Service Unavailable,config 2 1-496,text,false,,237,158,398,398,http://localhost:8080/?token=492521322&user=2133571821&config=2,5467,0,0
1716537662516,5504,config 2 req,503,Service Unavailable,config 2 1-487,text,false,,237,158,398,398,http://localhost:8080/?token=492521322&user=2133571821&config=2,5504,0,0
1716537660964,7067,config 2 req,200,OK,config 2 1-99,text,true,,231,158,391,391,http://localhost:8080/?token=492521322&user=2133571821&config=2,7067,0,0
1716537660968,7063,config 2 req,200,OK,config 2 1-100,text,true,,231,158,391,391,http://localhost:8080/?token=492521322&user=2133571821&config=2,7063,0,0
1716537660972,7060,config 2 req,200,OK,config 2 1-101,text,true,,231,158,391,391,http://localhost:8080/?token=492521322&user=2133571821&config=2,7060,0,0
1716537660976,7056,config 2 req,200,OK,config 2 1-102,text,true,,231,158,391,391,http://localhost:8080/?token=492521322&user=2133571821&config=2,7056,0,0
1716537662541,5491,config 2 req,503,Service Unavailable,config 2 1-493,text,false,,237,158,387,387,http://localhost:8080/?token=492521322&user=2133571821&config=2,5491,0,0
1716537662560,5472,config 2 req,503,Service Unavailable,config 2 1-498,text,false,,237,158,387,387,http://localhost:8080/?token=492521322&user=2133571821&config=2,5472,0,0
1716537662557,5475,config 2 req,503,Service Unavailable,config 2 1-497,text,false,,237,158,387,387,http://localhost:8080/?token=492521322&user=2133571821&config=2,5475,0,0
1716537662545,5487,config 2 req,503,Service Unavailable,config 2 1-494,text,false,,237,158,387,387,http://localhost:8080/?token=492521322&user=2133571821&config=2,5487,0,0
1716537662568,5464,config 2 req,503,Service Unavailable,config 2 1-500,text,false,,237,158,387,387,http://localhost:8080/?token=492521322&user=2133571821&config=2,5464,0,0
1716537662549,5483,config 2 req,503,Service Unavailable,config 2 1-495,text,false,,237,158,387,387,http://localhost:8080/?token=492521322&user=2133571821&config=2,5483,0,0
1716537662564,5468,config 2 req,503,Service Unavailable,config 2 1-499,text,false,,237,158,387,387,http://localhost:8080/?token=492521322&user=2133571821&config=2,5468,0,0
1716537660957,7090,config 2 req,200,OK,config 2 1-97,text,true,,231,158,380,380,http://localhost:8080/?token=492521322&user=2133571821&config=2,7090,0,0
1716537660953,7094,config 2 req,200,OK,config 2 1-96,text,true,,231,158,380,380,http://localhost:8080/?token=492521322&user=2133571821&config=2,7094,0,0
1716537660961,7086,config 2 req,200,OK,config 2 1-98,text,true,,231,158,380,380,http://localhost:8080/?token=492521322&user=2133571821&config=2,7086,0,0
1716537660984,7063,config 2 req,200,OK,config 2 1-104,text,true,,231,158,380,380,http://localhost:8080/?token=492521322&user=2133571821&config=2,7063,0,1
1716537660993,7054,config 2 req,200,OK,config 2 1-106,text,true,,231,158,380,380,http://localhost:8080/?token=492521322&user=2133571821&config=2,7054,0,0
1716537660997,7050,config 2 req,200,OK,config 2 1-107,text,true,,231,158,380,380,http://localhost:8080/?token=492521322&user=2133571821&config=2,7050,0,0
1716537660980,7069,config 2 req,200,OK,config 2 1-103,text,true,,231,158,374,374,http://localhost:8080/?token=492521322&user=2133571821&config=2,7069,0,1
1716537661001,7048,config 2 req,200,OK,config 2 1-108,text,true,,231,158,374,374,http://localhost:8080/?token=492521322&user=2133571821&config=2,7048,0,0
1716537660988,7061,config 2 req,200,OK,config 2 1-105,text,true,,231,158,374,374,http://localhost:8080/?token=492521322&user=2133571821&config=2,7061,0,1
1716537661005,7044,config 2 req,200,OK,config 2 1-109,text,true,,231,158,374,374,http://localhost:8080/?token=492521322&user=2133571821&config=2,7044,0,0
1716537661013,7036,config 2 req,200,OK,config 2 1-111,text,true,,231,158,373,373,http://localhost:8080/?token=492521322&user=2133571821&config=2,7036,0,0
1716537661009,7040,config 2 req,200,OK,config 2 1-110,text,true,,231,158,373,373,http://localhost:8080/?token=492521322&user=2133571821&config=2,7040,0,0
1716537661020,7029,config 2 req,200,OK,config 2 1-113,text,true,,231,158,372,372,http://localhost:8080/?token=492521322&user=2133571821&config=2,7029,0,0
1716537661024,7026,config 2 req,200,OK,config 2 1-114,text,true,,231,158,371,371,http://localhost:8080/?token=492521322&user=2133571821&config=2,7025,0,0
1716537661016,7130,config 2 req,200,OK,config 2 1-112,text,true,,231,158,366,366,http://localhost:8080/?token=492521322&user=2133571821&config=2,7130,0,1
1716537661036,7110,config 2 req,200,OK,config 2 1-117,text,true,,231,158,366,366,http://localhost:8080/?token=492521322&user=2133571821&config=2,7110,0,1
1716537661028,7118,config 2 req,200,OK,config 2 1-115,text,true,,231,158,366,366,http://localhost:8080/?token=492521322&user=2133571821&config=2,7118,0,1
1716537661041,7105,config 2 req,200,OK,config 2 1-118,text,true,,231,158,366,366,http://localhost:8080/?token=492521322&user=2133571821&config=2,7105,0,0
1716537661045,7101,config 2 req,200,OK,config 2 1-119,text,true,,231,158,366,366,http://localhost:8080/?token=492521322&user=2133571821&config=2,7101,0,0
1716537661049,7097,config 2 req,200,OK,config 2 1-120,text,true,,231,158,366,366,http://localhost:8080/?token=492521322&user=2133571821&config=2,7097,0,0
1716537661032,7114,config 2 req,200,OK,config 2 1-116,text,true,,231,158,366,366,http://localhost:8080/?token=492521322&user=2133571821&config=2,7114,0,1
1716537661064,7082,config 2 req,200,OK,config 2 1-124,text,true,,231,158,365,365,http://localhost:8080/?token=492521322&user=2133571821&config=2,7082,0,0
1716537661057,7089,config 2 req,200,OK,config 2 1-122,text,true,,231,158,366,366,http://localhost:8080/?token=492521322&user=2133571821&config=2,7089,0,0
1716537661053,7094,config 2 req,200,OK,config 2 1-121,text,true,,231,158,364,364,http://localhost:8080/?token=492521322&user=2133571821&config=2,7094,0,0
1716537661072,7075,config 2 req,200,OK,config 2 1-126,text,true,,231,158,364,364,http://localhost:8080/?token=492521322&user=2133571821&config=2,7075,0,0
1716537661068,7079,config 2 req,200,OK,config 2 1-125,text,true,,231,158,364,364,http://localhost:8080/?token=492521322&user=2133571821&config=2,7079,0,0
1716537661061,7086,config 2 req,200,OK,config 2 1-123,text,true,,231,158,364,364,http://localhost:8080/?token=492521322&user=2133571821&config=2,7086,0,0
1716537661076,7071,config 2 req,200,OK,config 2 1-127,text,true,,231,158,364,364,http://localhost:8080/?token=492521322&user=2133571821&config=2,7071,0,1
1716537661080,7067,config 2 req,200,OK,config 2 1-128,text,true,,231,158,364,364,http://localhost:8080/?token=492521322&user=2133571821&config=2,7067,0,1
1716537661089,7058,config 2 req,200,OK,config 2 1-130,text,true,,231,158,364,364,http://localhost:8080/?token=492521322&user=2133571821&config=2,7058,0,0
1716537661093,7054,config 2 req,200,OK,config 2 1-131,text,true,,231,158,362,362,http://localhost:8080/?token=492521322&user=2133571821&config=2,7054,0,0
1716537661084,7084,config 2 req,200,OK,config 2 1-129,text,true,,231,158,349,349,http://localhost:8080/?token=492521322&user=2133571821&config=2,7084,0,1
1716537661101,7067,config 2 req,200,OK,config 2 1-133,text,true,,231,158,349,349,http://localhost:8080/?token=492521322&user=2133571821&config=2,7067,0,0
1716537661097,7071,config 2 req,200,OK,config 2 1-132,text,true,,231,158,349,349,http://localhost:8080/?token=492521322&user=2133571821&config=2,7071,0,0
1716537661105,7063,config 2 req,200,OK,config 2 1-134,text,true,,231,158,349,349,http://localhost:8080/?token=492521322&user=2133571821&config=2,7063,0,0
1716537661108,7060,config 2 req,200,OK,config 2 1-135,text,true,,231,158,349,349,http://localhost:8080/?token=492521322&user=2133571821&config=2,7060,0,0
1716537661112,7058,config 2 req,200,OK,config 2 1-136,text,true,,231,158,344,344,http://localhost:8080/?token=492521322&user=2133571821&config=2,7058,0,0
1716537661132,7038,config 2 req,200,OK,config 2 1-141,text,true,,231,158,344,344,http://localhost:8080/?token=492521322&user=2133571821&config=2,7038,0,1
1716537661128,7042,config 2 req,200,OK,config 2 1-140,text,true,,231,158,344,344,http://localhost:8080/?token=492521322&user=2133571821&config=2,7042,0,1
1716537661120,7050,config 2 req,200,OK,config 2 1-138,text,true,,231,158,344,344,http://localhost:8080/?token=492521322&user=2133571821&config=2,7050,0,0
1716537661137,7033,config 2 req,200,OK,config 2 1-142,text,true,,231,158,344,344,http://localhost:8080/?token=492521322&user=2133571821&config=2,7033,0,0
1716537661116,7054,config 2 req,200,OK,config 2 1-137,text,true,,231,158,344,344,http://localhost:8080/?token=492521322&user=2133571821&config=2,7054,0,0
1716537661141,7029,config 2 req,200,OK,config 2 1-143,text,true,,231,158,344,344,http://localhost:8080/?token=492521322&user=2133571821&config=2,7029,0,0
1716537661145,7025,config 2 req,200,OK,config 2 1-144,text,true,,231,158,344,344,http://localhost:8080/?token=492521322&user=2133571821&config=2,7025,0,0
1716537661124,7046,config 2 req,200,OK,config 2 1-139,text,true,,231,158,344,344,http://localhost:8080/?token=492521322&user=2133571821&config=2,7046,0,0
1716537661153,7017,config 2 req,200,OK,config 2 1-146,text,true,,231,158,344,344,http://localhost:8080/?token=492521322&user=2133571821&config=2,7017,0,0
1716537661156,7014,config 2 req,200,OK,config 2 1-147,text,true,,231,158,344,344,http://localhost:8080/?token=492521322&user=2133571821&config=2,7014,0,0
1716537661160,7010,config 2 req,200,OK,config 2 1-148,text,true,,231,158,344,344,http://localhost:8080/?token=492521322&user=2133571821&config=2,7010,0,0
1716537661168,7002,config 2 req,200,OK,config 2 1-150,text,true,,231,158,344,344,http://localhost:8080/?token=492521322&user=2133571821&config=2,7002,0,0
1716537661177,6993,config 2 req,200,OK,config 2 1-152,text,true,,231,158,344,344,http://localhost:8080/?token=492521322&user=2133571821&config=2,6993,0,0
1716537661180,6990,config 2 req,200,OK,config 2 1-153,text,true,,231,158,343,343,http://localhost:8080/?token=492521322&user=2133571821&config=2,6990,0,1
1716537661189,6981,config 2 req,200,OK,config 2 1-155,text,true,,231,158,343,343,http://localhost:8080/?token=492521322&user=2133571821&config=2,6981,0,0
1716537661193,6977,config 2 req,200,OK,config 2 1-156,text,true,,231,158,341,341,http://localhost:8080/?token=492521322&user=2133571821&config=2,6977,0,0
1716537661197,6973,config 2 req,200,OK,config 2 1-157,text,true,,231,158,341,341,http://localhost:8080/?token=492521322&user=2133571821&config=2,6973,0,0
1716537661208,6962,config 2 req,200,OK,config 2 1-160,text,true,,231,158,340,340,http://localhost:8080/?token=492521322&user=2133571821&config=2,6962,0,0
1716537661212,6958,config 2 req,200,OK,config 2 1-161,text,true,,231,158,340,340,http://localhost:8080/?token=492521322&user=2133571821&config=2,6958,0,0
1716537661216,6954,config 2 req,200,OK,config 2 1-162,text,true,,231,158,340,340,http://localhost:8080/?token=492521322&user=2133571821&config=2,6954,0,1
1716537661220,6950,config 2 req,200,OK,config 2 1-163,text,true,,231,158,339,339,http://localhost:8080/?token=492521322&user=2133571821&config=2,6950,0,1
1716537661224,6946,config 2 req,200,OK,config 2 1-164,text,true,,231,158,338,338,http://localhost:8080/?token=492521322&user=2133571821&config=2,6946,0,1
1716537661229,6941,config 2 req,200,OK,config 2 1-165,text,true,,231,158,338,338,http://localhost:8080/?token=492521322&user=2133571821&config=2,6941,0,0
1716537661164,7046,config 2 req,200,OK,config 2 1-149,text,true,,231,158,320,320,http://localhost:8080/?token=492521322&user=2133571821&config=2,7046,0,0
1716537661149,7061,config 2 req,200,OK,config 2 1-145,text,true,,231,158,320,320,http://localhost:8080/?token=492521322&user=2133571821&config=2,7061,0,0
1716537661184,7026,config 2 req,200,OK,config 2 1-154,text,true,,231,158,320,320,http://localhost:8080/?token=492521322&user=2133571821&config=2,7026,0,1
1716537661205,7005,config 2 req,200,OK,config 2 1-159,text,true,,231,158,320,320,http://localhost:8080/?token=492521322&user=2133571821&config=2,7005,0,0
1716537661237,6973,config 2 req,200,OK,config 2 1-167,text,true,,231,158,320,320,http://localhost:8080/?token=492521322&user=2133571821&config=2,6973,0,0
1716537661172,7038,config 2 req,200,OK,config 2 1-151,text,true,,231,158,320,320,http://localhost:8080/?token=492521322&user=2133571821&config=2,7038,0,1
1716537661241,6969,config 2 req,200,OK,config 2 1-168,text,true,,231,158,320,320,http://localhost:8080/?token=492521322&user=2133571821&config=2,6969,0,0
1716537661249,6961,config 2 req,200,OK,config 2 1-170,text,true,,231,158,320,320,http://localhost:8080/?token=492521322&user=2133571821&config=2,6961,0,0
1716537661253,6957,config 2 req,200,OK,config 2 1-171,text,true,,231,158,320,320,http://localhost:8080/?token=492521322&user=2133571821&config=2,6957,0,0
1716537661201,7009,config 2 req,200,OK,config 2 1-158,text,true,,231,158,320,320,http://localhost:8080/?token=492521322&user=2133571821&config=2,7009,0,0
1716537661233,6977,config 2 req,200,OK,config 2 1-166,text,true,,231,158,320,320,http://localhost:8080/?token=492521322&user=2133571821&config=2,6977,0,0
1716537661245,7015,config 2 req,200,OK,config 2 1-169,text,true,,231,158,309,309,http://localhost:8080/?token=492521322&user=2133571821&config=2,7015,0,0
1716537661260,7000,config 2 req,200,OK,config 2 1-173,text,true,,231,158,309,309,http://localhost:8080/?token=492521322&user=2133571821&config=2,7000,0,0
1716537661256,7004,config 2 req,200,OK,config 2 1-172,text,true,,231,158,309,309,http://localhost:8080/?token=492521322&user=2133571821&config=2,7004,0,0
1716537661273,6987,config 2 req,200,OK,config 2 1-176,text,true,,231,158,309,309,http://localhost:8080/?token=492521322&user=2133571821&config=2,6987,0,0
1716537661268,6992,config 2 req,200,OK,config 2 1-175,text,true,,231,158,309,309,http://localhost:8080/?token=492521322&user=2133571821&config=2,6992,0,1
1716537661276,6985,config 2 req,200,OK,config 2 1-177,text,true,,231,158,309,309,http://localhost:8080/?token=492521322&user=2133571821&config=2,6985,0,1
1716537661285,6976,config 2 req,200,OK,config 2 1-179,text,true,,231,158,309,309,http://localhost:8080/?token=492521322&user=2133571821&config=2,6976,0,0
1716537661289,6972,config 2 req,200,OK,config 2 1-180,text,true,,231,158,309,309,http://localhost:8080/?token=492521322&user=2133571821&config=2,6972,0,0
1716537661281,6980,config 2 req,200,OK,config 2 1-178,text,true,,231,158,309,309,http://localhost:8080/?token=492521322&user=2133571821&config=2,6980,0,0
1716537661264,6997,config 2 req,200,OK,config 2 1-174,text,true,,231,158,309,309,http://localhost:8080/?token=492521322&user=2133571821&config=2,6997,0,1
1716537661293,6968,config 2 req,200,OK,config 2 1-181,text,true,,231,158,309,309,http://localhost:8080/?token=492521322&user=2133571821&config=2,6968,0,0
1716537661297,6964,config 2 req,200,OK,config 2 1-182,text,true,,231,158,309,309,http://localhost:8080/?token=492521322&user=2133571821&config=2,6964,0,0
1716537661301,6960,config 2 req,200,OK,config 2 1-183,text,true,,231,158,309,309,http://localhost:8080/?token=492521322&user=2133571821&config=2,6960,0,0
1716537661304,6957,config 2 req,200,OK,config 2 1-184,text,true,,231,158,308,308,http://localhost:8080/?token=492521322&user=2133571821&config=2,6957,0,0
1716537661308,6953,config 2 req,200,OK,config 2 1-185,text,true,,231,158,308,308,http://localhost:8080/?token=492521322&user=2133571821&config=2,6953,0,0
1716537661312,6949,config 2 req,200,OK,config 2 1-186,text,true,,231,158,308,308,http://localhost:8080/?token=492521322&user=2133571821&config=2,6949,0,1
1716537661316,6945,config 2 req,200,OK,config 2 1-187,text,true,,231,158,307,307,http://localhost:8080/?token=492521322&user=2133571821&config=2,6945,0,1
1716537661320,6941,config 2 req,200,OK,config 2 1-188,text,true,,231,158,307,307,http://localhost:8080/?token=492521322&user=2133571821&config=2,6941,0,1
1716537661325,6936,config 2 req,200,OK,config 2 1-189,text,true,,231,158,307,307,http://localhost:8080/?token=492521322&user=2133571821&config=2,6936,0,0
1716537661333,6928,config 2 req,200,OK,config 2 1-191,text,true,,231,158,306,306,http://localhost:8080/?token=492521322&user=2133571821&config=2,6928,0,0
1716537661337,6924,config 2 req,200,OK,config 2 1-192,text,true,,231,158,306,306,http://localhost:8080/?token=492521322&user=2133571821&config=2,6924,0,0
1716537661329,6932,config 2 req,200,OK,config 2 1-190,text,true,,231,158,307,307,http://localhost:8080/?token=492521322&user=2133571821&config=2,6932,0,0
1716537661341,6920,config 2 req,200,OK,config 2 1-193,text,true,,231,158,305,305,http://localhost:8080/?token=492521322&user=2133571821&config=2,6920,0,0
1716537661345,6916,config 2 req,200,OK,config 2 1-194,text,true,,231,158,305,305,http://localhost:8080/?token=492521322&user=2133571821&config=2,6916,0,0
1716537661349,6912,config 2 req,200,OK,config 2 1-195,text,true,,231,158,305,305,http://localhost:8080/?token=492521322&user=2133571821&config=2,6912,0,0
1716537661353,6908,config 2 req,200,OK,config 2 1-196,text,true,,231,158,304,304,http://localhost:8080/?token=492521322&user=2133571821&config=2,6908,0,0
1716537661356,6905,config 2 req,200,OK,config 2 1-197,text,true,,231,158,304,304,http://localhost:8080/?token=492521322&user=2133571821&config=2,6905,0,0
1716537661364,6897,config 2 req,200,OK,config 2 1-199,text,true,,231,158,304,304,http://localhost:8080/?token=492521322&user=2133571821&config=2,6897,0,0
1716537661368,6893,config 2 req,200,OK,config 2 1-200,text,true,,231,158,303,303,http://localhost:8080/?token=492521322&user=2133571821&config=2,6893,0,1
1716537661372,6889,config 2 req,200,OK,config 2 1-201,text,true,,231,158,303,303,http://localhost:8080/?token=492521322&user=2133571821&config=2,6889,0,1
1716537661381,6880,config 2 req,200,OK,config 2 1-203,text,true,,231,158,302,302,http://localhost:8080/?token=492521322&user=2133571821&config=2,6880,0,0
1716537661377,6884,config 2 req,200,OK,config 2 1-202,text,true,,231,158,302,302,http://localhost:8080/?token=492521322&user=2133571821&config=2,6884,0,0
1716537661385,6876,config 2 req,200,OK,config 2 1-204,text,true,,231,158,301,301,http://localhost:8080/?token=492521322&user=2133571821&config=2,6876,0,0
1716537661401,6860,config 2 req,200,OK,config 2 1-208,text,true,,231,158,301,301,http://localhost:8080/?token=492521322&user=2133571821&config=2,6860,0,0
1716537661404,6857,config 2 req,200,OK,config 2 1-209,text,true,,231,158,301,301,http://localhost:8080/?token=492521322&user=2133571821&config=2,6857,0,0
1716537661412,6849,config 2 req,200,OK,config 2 1-211,text,true,,231,158,300,300,http://localhost:8080/?token=492521322&user=2133571821&config=2,6849,0,0
1716537661416,6845,config 2 req,200,OK,config 2 1-212,text,true,,231,158,299,299,http://localhost:8080/?token=492521322&user=2133571821&config=2,6845,0,1
1716537661421,6840,config 2 req,200,OK,config 2 1-213,text,true,,231,158,299,299,http://localhost:8080/?token=492521322&user=2133571821&config=2,6840,0,0
1716537661429,6832,config 2 req,200,OK,config 2 1-215,text,true,,231,158,298,298,http://localhost:8080/?token=492521322&user=2133571821&config=2,6832,0,0
1716537661433,6828,config 2 req,200,OK,config 2 1-216,text,true,,231,158,297,297,http://localhost:8080/?token=492521322&user=2133571821&config=2,6828,0,0
1716537661441,6820,config 2 req,200,OK,config 2 1-218,text,true,,231,158,297,297,http://localhost:8080/?token=492521322&user=2133571821&config=2,6820,0,0
1716537661445,6816,config 2 req,200,OK,config 2 1-219,text,true,,231,158,296,296,http://localhost:8080/?token=492521322&user=2133571821&config=2,6816,0,0
1716537661393,6873,config 2 req,200,OK,config 2 1-206,text,true,,231,158,267,267,http://localhost:8080/?token=492521322&user=2133571821&config=2,6873,0,0
1716537661397,6869,config 2 req,200,OK,config 2 1-207,text,true,,231,158,267,267,http://localhost:8080/?token=492521322&user=2133571821&config=2,6869,0,0
1716537661408,6858,config 2 req,200,OK,config 2 1-210,text,true,,231,158,267,267,http://localhost:8080/?token=492521322&user=2133571821&config=2,6858,0,0
1716537661437,6829,config 2 req,200,OK,config 2 1-217,text,true,,231,158,267,267,http://localhost:8080/?token=492521322&user=2133571821&config=2,6829,0,0
1716537661501,6765,config 2 req,500,Internal Server Error,config 2 1-233,text,false,,233,158,267,267,http://localhost:8080/?token=492521322&user=2133571821&config=2,6765,0,0
1716537661505,6761,config 2 req,500,Internal Server Error,config 2 1-234,text,false,,233,158,267,267,http://localhost:8080/?token=492521322&user=2133571821&config=2,6761,0,0
1716537661576,6690,config 2 req,500,Internal Server Error,config 2 1-252,text,false,,233,158,267,267,http://localhost:8080/?token=492521322&user=2133571821&config=2,6690,0,1
1716537661612,6654,config 2 req,500,Internal Server Error,config 2 1-261,text,false,,233,158,265,265,http://localhost:8080/?token=492521322&user=2133571821&config=2,6654,0,0
1716537661716,6550,config 2 req,500,Internal Server Error,config 2 1-287,text,false,,233,158,264,264,http://localhost:8080/?token=492521322&user=2133571821&config=2,6550,0,0
1716537661497,6812,config 2 req,500,Internal Server Error,config 2 1-232,text,false,,233,158,258,258,http://localhost:8080/?token=492521322&user=2133571821&config=2,6812,0,0
1716537661516,6793,config 2 req,500,Internal Server Error,config 2 1-237,text,false,,233,158,258,258,http://localhost:8080/?token=492521322&user=2133571821&config=2,6793,0,0
1716537661453,6856,config 2 req,500,Internal Server Error,config 2 1-221,text,false,,233,158,258,258,http://localhost:8080/?token=492521322&user=2133571821&config=2,6856,0,0
1716537661560,6749,config 2 req,500,Internal Server Error,config 2 1-248,text,false,,233,158,258,258,http://localhost:8080/?token=492521322&user=2133571821&config=2,6749,0,0
1716537661645,6664,config 2 req,500,Internal Server Error,config 2 1-269,text,false,,233,158,258,258,http://localhost:8080/?token=492521322&user=2133571821&config=2,6664,0,0
1716537661568,6741,config 2 req,500,Internal Server Error,config 2 1-250,text,false,,233,158,258,258,http://localhost:8080/?token=492521322&user=2133571821&config=2,6741,0,1
1716537661693,6616,config 2 req,500,Internal Server Error,config 2 1-281,text,false,,233,158,258,258,http://localhost:8080/?token=492521322&user=2133571821&config=2,6616,0,0
1716537661720,6589,config 2 req,500,Internal Server Error,config 2 1-288,text,false,,233,158,258,258,http://localhost:8080/?token=492521322&user=2133571821&config=2,6589,0,0
1716537661509,6800,config 2 req,500,Internal Server Error,config 2 1-235,text,false,,233,158,258,258,http://localhost:8080/?token=492521322&user=2133571821&config=2,6800,0,0
1716537661481,6889,config 2 req,500,Internal Server Error,config 2 1-228,text,false,,233,158,249,249,http://localhost:8080/?token=492521322&user=2133571821&config=2,6889,0,0
1716537661468,6902,config 2 req,500,Internal Server Error,config 2 1-225,text,false,,233,158,249,249,http://localhost:8080/?token=492521322&user=2133571821&config=2,6902,0,1
1716537661609,6761,config 2 req,500,Internal Server Error,config 2 1-260,text,false,,233,158,249,249,http://localhost:8080/?token=492521322&user=2133571821&config=2,6761,0,0
1716537661633,6737,config 2 req,500,Internal Server Error,config 2 1-266,text,false,,233,158,249,249,http://localhost:8080/?token=492521322&user=2133571821&config=2,6737,0,0
1716537661653,6717,config 2 req,500,Internal Server Error,config 2 1-271,text,false,,233,158,249,249,http://localhost:8080/?token=492521322&user=2133571821&config=2,6717,0,0
1716537661668,6702,config 2 req,500,Internal Server Error,config 2 1-275,text,false,,233,158,249,249,http://localhost:8080/?token=492521322&user=2133571821&config=2,6702,0,1
1716537661689,6681,config 2 req,500,Internal Server Error,config 2 1-280,text,false,,233,158,249,249,http://localhost:8080/?token=492521322&user=2133571821&config=2,6681,0,0
1716537661713,6657,config 2 req,500,Internal Server Error,config 2 1-286,text,false,,233,158,249,249,http://localhost:8080/?token=492521322&user=2133571821&config=2,6657,0,0
1716537661637,6733,config 2 req,500,Internal Server Error,config 2 1-267,text,false,,233,158,249,249,http://localhost:8080/?token=492521322&user=2133571821&config=2,6733,0,0
1716537661732,6638,config 2 req,500,Internal Server Error,config 2 1-291,text,false,,233,158,248,248,http://localhost:8080/?token=492521322&user=2133571821&config=2,6638,0,0
1716537661741,6629,config 2 req,500,Internal Server Error,config 2 1-293,text,false,,233,158,247,247,http://localhost:8080/?token=492521322&user=2133571821&config=2,6629,0,0
1716537661745,6625,config 2 req,500,Internal Server Error,config 2 1-294,text,false,,233,158,247,247,http://localhost:8080/?token=492521322&user=2133571821&config=2,6625,0,0
1716537661737,6633,config 2 req,500,Internal Server Error,config 2 1-292,text,false,,233,158,248,248,http://localhost:8080/?token=492521322&user=2133571821&config=2,6633,0,0
1716537661620,6750,config 2 req,500,Internal Server Error,config 2 1-263,text,false,,233,158,248,248,http://localhost:8080/?token=492521322&user=2133571821&config=2,6750,0,1
1716537661709,6661,config 2 req,500,Internal Server Error,config 2 1-285,text,false,,233,158,247,247,http://localhost:8080/?token=492521322&user=2133571821&config=2,6661,0,0
1716537661728,6642,config 2 req,500,Internal Server Error,config 2 1-290,text,false,,233,158,247,247,http://localhost:8080/?token=492521322&user=2133571821&config=2,6642,0,1
1716537661389,17338,config 2 req,200,OK,config 2 1-205,text,true,,231,158,233,233,http://localhost:8080/?token=492521322&user=2133571821&config=2,17338,0,0
1716537661360,17371,config 2 req,200,OK,config 2 1-198,text,true,,231,158,232,232,http://localhost:8080/?token=492521322&user=2133571821&config=2,17371,0,0
1716537661425,17306,config 2 req,200,OK,config 2 1-214,text,true,,231,158,232,232,http://localhost:8080/?token=492521322&user=2133571821&config=2,17306,0,0
1716537661449,17282,config 2 req,200,OK,config 2 1-220,text,true,,231,158,232,232,http://localhost:8080/?token=492521322&user=2133571821&config=2,17282,0,0
1716537661464,17267,config 2 req,200,OK,config 2 1-224,text,true,,231,158,232,232,http://localhost:8080/?token=492521322&user=2133571821&config=2,17267,0,1
1716537661456,17275,config 2 req,200,OK,config 2 1-222,text,true,,231,158,232,232,http://localhost:8080/?token=492521322&user=2133571821&config=2,17275,0,1
1716537661472,17259,config 2 req,200,OK,config 2 1-226,text,true,,231,158,232,232,http://localhost:8080/?token=492521322&user=2133571821&config=2,17259,0,0
1716537661476,17255,config 2 req,200,OK,config 2 1-227,text,true,,231,158,232,232,http://localhost:8080/?token=492521322&user=2133571821&config=2,17255,0,1
1716537661460,17271,config 2 req,200,OK,config 2 1-223,text,true,,231,158,232,232,http://localhost:8080/?token=492521322&user=2133571821&config=2,17271,0,0
1716537661485,17246,config 2 req,200,OK,config 2 1-229,text,true,,231,158,232,232,http://localhost:8080/?token=492521322&user=2133571821&config=2,17246,0,0
1716537661489,17242,config 2 req,200,OK,config 2 1-230,text,true,,231,158,232,232,http://localhost:8080/?token=492521322&user=2133571821&config=2,17242,0,0
1716537661493,17238,config 2 req,200,OK,config 2 1-231,text,true,,231,158,232,232,http://localhost:8080/?token=492521322&user=2133571821&config=2,17238,0,0
1716537661512,17219,config 2 req,200,OK,config 2 1-236,text,true,,231,158,231,231,http://localhost:8080/?token=492521322&user=2133571821&config=2,17219,0,0
1716537661520,17211,config 2 req,200,OK,config 2 1-238,text,true,,231,158,228,228,http://localhost:8080/?token=492521322&user=2133571821&config=2,17211,0,1
1716537661524,17207,config 2 req,200,OK,config 2 1-239,text,true,,231,158,226,226,http://localhost:8080/?token=492521322&user=2133571821&config=2,17207,0,1
1716537661533,17198,config 2 req,200,OK,config 2 1-241,text,true,,231,158,223,223,http://localhost:8080/?token=492521322&user=2133571821&config=2,17198,0,0
1716537661528,17203,config 2 req,200,OK,config 2 1-240,text,true,,231,158,223,223,http://localhost:8080/?token=492521322&user=2133571821&config=2,17203,0,1
1716537661537,17195,config 2 req,200,OK,config 2 1-242,text,true,,231,158,221,221,http://localhost:8080/?token=492521322&user=2133571821&config=2,17194,0,0
1716537661541,17191,config 2 req,200,OK,config 2 1-243,text,true,,231,158,220,220,http://localhost:8080/?token=492521322&user=2133571821&config=2,17191,0,0
1716537661545,17187,config 2 req,200,OK,config 2 1-244,text,true,,231,158,220,220,http://localhost:8080/?token=492521322&user=2133571821&config=2,17187,0,0
1716537661553,17179,config 2 req,200,OK,config 2 1-246,text,true,,231,158,220,220,http://localhost:8080/?token=492521322&user=2133571821&config=2,17179,0,0
1716537661549,17183,config 2 req,200,OK,config 2 1-245,text,true,,231,158,220,220,http://localhost:8080/?token=492521322&user=2133571821&config=2,17183,0,0
1716537661557,17175,config 2 req,200,OK,config 2 1-247,text,true,,231,158,220,220,http://localhost:8080/?token=492521322&user=2133571821&config=2,17175,0,0
1716537661564,17168,config 2 req,200,OK,config 2 1-249,text,true,,231,158,220,220,http://localhost:8080/?token=492521322&user=2133571821&config=2,17168,0,0
1716537661572,17160,config 2 req,200,OK,config 2 1-251,text,true,,231,158,220,220,http://localhost:8080/?token=492521322&user=2133571821&config=2,17160,0,1
1716537661581,17151,config 2 req,200,OK,config 2 1-253,text,true,,231,158,220,220,http://localhost:8080/?token=492521322&user=2133571821&config=2,17151,0,0
1716537661584,17148,config 2 req,200,OK,config 2 1-254,text,true,,231,158,220,220,http://localhost:8080/?token=492521322&user=2133571821&config=2,17148,0,1
1716537661589,17143,config 2 req,200,OK,config 2 1-255,text,true,,231,158,220,220,http://localhost:8080/?token=492521322&user=2133571821&config=2,17143,0,0
1716537661593,17139,config 2 req,200,OK,config 2 1-256,text,true,,231,158,219,219,http://localhost:8080/?token=492521322&user=2133571821&config=2,17139,0,0
1716537661597,17135,config 2 req,200,OK,config 2 1-257,text,true,,231,158,219,219,http://localhost:8080/?token=492521322&user=2133571821&config=2,17135,0,0
1716537661601,17131,config 2 req,200,OK,config 2 1-258,text,true,,231,158,218,218,http://localhost:8080/?token=492521322&user=2133571821&config=2,17131,0,0
1716537661604,17128,config 2 req,200,OK,config 2 1-259,text,true,,231,158,216,216,http://localhost:8080/?token=492521322&user=2133571821&config=2,17128,0,0
1716537661616,17116,config 2 req,200,OK,config 2 1-262,text,true,,231,158,214,214,http://localhost:8080/?token=492521322&user=2133571821&config=2,17116,0,1
1716537661624,17108,config 2 req,200,OK,config 2 1-264,text,true,,231,158,213,213,http://localhost:8080/?token=492521322&user=2133571821&config=2,17108,0,1
1716537661628,17104,config 2 req,200,OK,config 2 1-265,text,true,,231,158,213,213,http://localhost:8080/?token=492521322&user=2133571821&config=2,17104,0,1
1716537661641,17091,config 2 req,200,OK,config 2 1-268,text,true,,231,158,213,213,http://localhost:8080/?token=492521322&user=2133571821&config=2,17091,0,0
1716537661649,17083,config 2 req,200,OK,config 2 1-270,text,true,,231,158,212,212,http://localhost:8080/?token=492521322&user=2133571821&config=2,17083,0,0
1716537661656,17076,config 2 req,200,OK,config 2 1-272,text,true,,231,158,211,211,http://localhost:8080/?token=492521322&user=2133571821&config=2,17076,0,0
1716537661661,17071,config 2 req,200,OK,config 2 1-273,text,true,,231,158,211,211,http://localhost:8080/?token=492521322&user=2133571821&config=2,17071,0,0
1716537661664,17068,config 2 req,200,OK,config 2 1-274,text,true,,231,158,211,211,http://localhost:8080/?token=492521322&user=2133571821&config=2,17068,0,0
1716537661672,17060,config 2 req,200,OK,config 2 1-276,text,true,,231,158,210,210,http://localhost:8080/?token=492521322&user=2133571821&config=2,17060,0,1
1716537661676,17056,config 2 req,200,OK,config 2 1-277,text,true,,231,158,209,209,http://localhost:8080/?token=492521322&user=2133571821&config=2,17056,0,1
1716537661681,17051,config 2 req,200,OK,config 2 1-278,text,true,,231,158,208,208,http://localhost:8080/?token=492521322&user=2133571821&config=2,17051,0,0
1716537661685,17047,config 2 req,200,OK,config 2 1-279,text,true,,231,158,207,207,http://localhost:8080/?token=492521322&user=2133571821&config=2,17047,0,0
1716537661697,17035,config 2 req,200,OK,config 2 1-282,text,true,,231,158,206,206,http://localhost:8080/?token=492521322&user=2133571821&config=2,17035,0,0
1716537661701,17031,config 2 req,200,OK,config 2 1-283,text,true,,231,158,205,205,http://localhost:8080/?token=492521322&user=2133571821&config=2,17031,0,0
1716537661704,17028,config 2 req,200,OK,config 2 1-284,text,true,,231,158,205,205,http://localhost:8080/?token=492521322&user=2133571821&config=2,17028,0,0
1716537661724,17008,config 2 req,200,OK,config 2 1-289,text,true,,231,158,204,204,http://localhost:8080/?token=492521322&user=2133571821&config=2,17008,0,1
1716537661780,17168,config 2 req,200,OK,config 2 1-303,text,true,,231,158,185,185,http://localhost:8080/?token=492521322&user=2133571821&config=2,17168,0,1
1716537661793,17155,config 2 req,200,OK,config 2 1-306,text,true,,231,158,185,185,http://localhost:8080/?token=492521322&user=2133571821&config=2,17155,0,0
1716537661753,17195,config 2 req,200,OK,config 2 1-296,text,true,,231,158,185,185,http://localhost:8080/?token=492521322&user=2133571821&config=2,17195,0,0
1716537661788,17160,config 2 req,200,OK,config 2 1-305,text,true,,231,158,185,185,http://localhost:8080/?token=492521322&user=2133571821&config=2,17160,0,0
1716537661757,17191,config 2 req,200,OK,config 2 1-297,text,true,,231,158,185,185,http://localhost:8080/?token=492521322&user=2133571821&config=2,17191,0,0
1716537661764,17184,config 2 req,200,OK,config 2 1-299,text,true,,231,158,185,185,http://localhost:8080/?token=492521322&user=2133571821&config=2,17184,0,0
1716537661797,17151,config 2 req,200,OK,config 2 1-307,text,true,,231,158,185,185,http://localhost:8080/?token=492521322&user=2133571821&config=2,17151,0,0
1716537661784,17164,config 2 req,200,OK,config 2 1-304,text,true,,231,158,185,185,http://localhost:8080/?token=492521322&user=2133571821&config=2,17164,0,1
1716537661761,17187,config 2 req,200,OK,config 2 1-298,text,true,,231,158,185,185,http://localhost:8080/?token=492521322&user=2133571821&config=2,17187,0,0
1716537661769,17179,config 2 req,200,OK,config 2 1-300,text,true,,231,158,185,185,http://localhost:8080/?token=492521322&user=2133571821&config=2,17179,0,0
1716537661776,17172,config 2 req,200,OK,config 2 1-302,text,true,,231,158,185,185,http://localhost:8080/?token=492521322&user=2133571821&config=2,17172,0,0
1716537661772,17176,config 2 req,200,OK,config 2 1-301,text,true,,231,158,185,185,http://localhost:8080/?token=492521322&user=2133571821&config=2,17176,0,0
1716537661749,17199,config 2 req,200,OK,config 2 1-295,text,true,,231,158,185,185,http://localhost:8080/?token=492521322&user=2133571821&config=2,17199,0,0
1716537661801,17147,config 2 req,200,OK,config 2 1-308,text,true,,231,158,185,185,http://localhost:8080/?token=492521322&user=2133571821&config=2,17147,0,0
1716537661805,17143,config 2 req,200,OK,config 2 1-309,text,true,,231,158,184,184,http://localhost:8080/?token=492521322&user=2133571821&config=2,17143,0,0
1716537661813,17135,config 2 req,200,OK,config 2 1-311,text,true,,231,158,183,183,http://localhost:8080/?token=492521322&user=2133571821&config=2,17135,0,0
1716537661809,17139,config 2 req,200,OK,config 2 1-310,text,true,,231,158,184,184,http://localhost:8080/?token=492521322&user=2133571821&config=2,17139,0,0
1716537661816,17132,config 2 req,200,OK,config 2 1-312,text,true,,231,158,183,183,http://localhost:8080/?token=492521322&user=2133571821&config=2,17132,0,0
1716537661821,17127,config 2 req,200,OK,config 2 1-313,text,true,,231,158,183,183,http://localhost:8080/?token=492521322&user=2133571821&config=2,17127,0,0
1716537661828,17120,config 2 req,200,OK,config 2 1-315,text,true,,231,158,181,181,http://localhost:8080/?token=492521322&user=2133571821&config=2,17120,0,0
1716537661824,17124,config 2 req,200,OK,config 2 1-314,text,true,,231,158,181,181,http://localhost:8080/?token=492521322&user=2133571821&config=2,17124,0,0
1716537661832,17116,config 2 req,200,OK,config 2 1-316,text,true,,231,158,180,180,http://localhost:8080/?token=492521322&user=2133571821&config=2,17116,0,1
1716537661836,17112,config 2 req,200,OK,config 2 1-317,text,true,,231,158,180,180,http://localhost:8080/?token=492521322&user=2133571821&config=2,17112,0,1
1716537661841,17107,config 2 req,200,OK,config 2 1-318,text,true,,231,158,180,180,http://localhost:8080/?token=492521322&user=2133571821&config=2,17107,0,0
1716537661845,17103,config 2 req,200,OK,config 2 1-319,text,true,,231,158,178,178,http://localhost:8080/?token=492521322&user=2133571821&config=2,17103,0,0
1716537661849,17099,config 2 req,200,OK,config 2 1-320,text,true,,231,158,177,177,http://localhost:8080/?token=492521322&user=2133571821&config=2,17099,0,0
1716537661853,17095,config 2 req,200,OK,config 2 1-321,text,true,,231,158,177,177,http://localhost:8080/?token=492521322&user=2133571821&config=2,17095,0,0
1716537661857,17091,config 2 req,200,OK,config 2 1-322,text,true,,231,158,177,177,http://localhost:8080/?token=492521322&user=2133571821&config=2,17091,0,0
1716537661861,17087,config 2 req,200,OK,config 2 1-323,text,true,,231,158,176,176,http://localhost:8080/?token=492521322&user=2133571821&config=2,17087,0,0
1716537661865,17083,config 2 req,200,OK,config 2 1-324,text,true,,231,158,176,176,http://localhost:8080/?token=492521322&user=2133571821&config=2,17083,0,0
1716537661868,17080,config 2 req,200,OK,config 2 1-325,text,true,,231,158,176,176,http://localhost:8080/?token=492521322&user=2133571821&config=2,17080,0,0
1716537661873,17075,config 2 req,200,OK,config 2 1-326,text,true,,231,158,176,176,http://localhost:8080/?token=492521322&user=2133571821&config=2,17075,0,0
1716537661876,17072,config 2 req,200,OK,config 2 1-327,text,true,,231,158,175,175,http://localhost:8080/?token=492521322&user=2133571821&config=2,17072,0,0
1716537661880,17068,config 2 req,200,OK,config 2 1-328,text,true,,231,158,175,175,http://localhost:8080/?token=492521322&user=2133571821&config=2,17068,0,0
1716537661884,17064,config 2 req,200,OK,config 2 1-329,text,true,,231,158,174,174,http://localhost:8080/?token=492521322&user=2133571821&config=2,17064,0,1
1716537661888,17060,config 2 req,200,OK,config 2 1-330,text,true,,231,158,174,174,http://localhost:8080/?token=492521322&user=2133571821&config=2,17060,0,1
1716537661892,17057,config 2 req,200,OK,config 2 1-331,text,true,,231,158,174,174,http://localhost:8080/?token=492521322&user=2133571821&config=2,17057,0,0
1716537661896,17053,config 2 req,200,OK,config 2 1-332,text,true,,231,158,173,173,http://localhost:8080/?token=492521322&user=2133571821&config=2,17053,0,1
1716537661901,17048,config 2 req,200,OK,config 2 1-333,text,true,,231,158,173,173,http://localhost:8080/?token=492521322&user=2133571821&config=2,17048,0,0
1716537661905,17044,config 2 req,200,OK,config 2 1-334,text,true,,231,158,173,173,http://localhost:8080/?token=492521322&user=2133571821&config=2,17044,0,0
1716537661909,17040,config 2 req,200,OK,config 2 1-335,text,true,,231,158,171,171,http://localhost:8080/?token=492521322&user=2133571821&config=2,17040,0,0
1716537661920,17029,config 2 req,200,OK,config 2 1-338,text,true,,231,158,171,171,http://localhost:8080/?token=492521322&user=2133571821&config=2,17029,0,0
1716537661928,17021,config 2 req,200,OK,config 2 1-340,text,true,,231,158,171,171,http://localhost:8080/?token=492521322&user=2133571821&config=2,17021,0,0
1716537661940,17025,config 2 req,200,OK,config 2 1-343,text,true,,231,158,142,142,http://localhost:8080/?token=492521322&user=2133571821&config=2,17025,0,1
1716537661949,17016,config 2 req,200,OK,config 2 1-345,text,true,,231,158,142,142,http://localhost:8080/?token=492521322&user=2133571821&config=2,17016,0,0
1716537661932,17033,config 2 req,200,OK,config 2 1-341,text,true,,231,158,142,142,http://localhost:8080/?token=492521322&user=2133571821&config=2,17033,0,0
1716537661925,17040,config 2 req,200,OK,config 2 1-339,text,true,,231,158,142,142,http://localhost:8080/?token=492521322&user=2133571821&config=2,17040,0,0
1716537661944,17021,config 2 req,200,OK,config 2 1-344,text,true,,231,158,142,142,http://localhost:8080/?token=492521322&user=2133571821&config=2,17021,0,0
1716537662380,16585,config 2 req,500,Internal Server Error,config 2 1-453,text,false,,233,158,142,142,http://localhost:8080/?token=492521322&user=2133571821&config=2,16585,0,0
1716537662393,16572,config 2 req,500,Internal Server Error,config 2 1-456,text,false,,233,158,142,142,http://localhost:8080/?token=492521322&user=2133571821&config=2,16572,0,0
1716537662429,16536,config 2 req,500,Internal Server Error,config 2 1-465,text,false,,233,158,142,142,http://localhost:8080/?token=492521322&user=2133571821&config=2,16536,0,0
1716537661917,17048,config 2 req,200,OK,config 2 1-337,text,true,,231,158,142,142,http://localhost:8080/?token=492521322&user=2133571821&config=2,17048,0,0
1716537662437,16528,config 2 req,500,Internal Server Error,config 2 1-467,text,false,,233,158,142,142,http://localhost:8080/?token=492521322&user=2133571821&config=2,16528,0,0
1716537662420,16545,config 2 req,500,Internal Server Error,config 2 1-463,text,false,,233,158,142,142,http://localhost:8080/?token=492521322&user=2133571821&config=2,16545,0,1
1716537662401,16564,config 2 req,500,Internal Server Error,config 2 1-458,text,false,,233,158,142,142,http://localhost:8080/?token=492521322&user=2133571821&config=2,16564,0,0
1716537661913,17052,config 2 req,200,OK,config 2 1-336,text,true,,231,158,142,142,http://localhost:8080/?token=492521322&user=2133571821&config=2,17052,0,0
1716537662389,16576,config 2 req,500,Internal Server Error,config 2 1-455,text,false,,233,158,142,142,http://localhost:8080/?token=492521322&user=2133571821&config=2,16576,0,0
1716537662405,16655,config 2 req,500,Internal Server Error,config 2 1-459,text,false,,233,158,128,128,http://localhost:8080/?token=492521322&user=2133571821&config=2,16655,0,0
1716537662409,16651,config 2 req,500,Internal Server Error,config 2 1-460,text,false,,233,158,128,128,http://localhost:8080/?token=492521322&user=2133571821&config=2,16651,0,0
1716537662416,16645,config 2 req,500,Internal Server Error,config 2 1-462,text,false,,233,158,128,128,http://localhost:8080/?token=492521322&user=2133571821&config=2,16644,0,0
1716537662433,16628,config 2 req,500,Internal Server Error,config 2 1-466,text,false,,233,158,128,128,http://localhost:8080/?token=492521322&user=2133571821&config=2,16628,0,0
1716537662448,16613,config 2 req,500,Internal Server Error,config 2 1-470,text,false,,233,158,128,128,http://localhost:8080/?token=492521322&user=2133571821&config=2,16613,0,0
1716537662425,16636,config 2 req,500,Internal Server Error,config 2 1-464,text,false,,233,158,128,128,http://localhost:8080/?token=492521322&user=2133571821&config=2,16636,0,0
1716537662445,16616,config 2 req,500,Internal Server Error,config 2 1-469,text,false,,233,158,128,128,http://localhost:8080/?token=492521322&user=2133571821&config=2,16616,0,0
1716537662441,16620,config 2 req,500,Internal Server Error,config 2 1-468,text,false,,233,158,128,128,http://localhost:8080/?token=492521322&user=2133571821&config=2,16620,0,0
1716537662412,16649,config 2 req,500,Internal Server Error,config 2 1-461,text,false,,233,158,128,128,http://localhost:8080/?token=492521322&user=2133571821&config=2,16649,0,0
1716537661936,17442,config 2 req,200,OK,config 2 1-342,text,true,,231,158,119,119,http://localhost:8080/?token=492521322&user=2133571821&config=2,17442,0,1
1716537661968,17410,config 2 req,200,OK,config 2 1-350,text,true,,231,158,119,119,http://localhost:8080/?token=492521322&user=2133571821&config=2,17410,0,0
1716537661957,17421,config 2 req,200,OK,config 2 1-347,text,true,,231,158,119,119,http://localhost:8080/?token=492521322&user=2133571821&config=2,17421,0,0
1716537661977,17401,config 2 req,200,OK,config 2 1-352,text,true,,231,158,119,119,http://localhost:8080/?token=492521322&user=2133571821&config=2,17401,0,0
1716537661980,17398,config 2 req,200,OK,config 2 1-353,text,true,,231,158,119,119,http://localhost:8080/?token=492521322&user=2133571821&config=2,17398,0,0
1716537661984,17394,config 2 req,200,OK,config 2 1-354,text,true,,231,158,119,119,http://localhost:8080/?token=492521322&user=2133571821&config=2,17394,0,0
1716537661953,17425,config 2 req,200,OK,config 2 1-346,text,true,,231,158,119,119,http://localhost:8080/?token=492521322&user=2133571821&config=2,17425,0,0
1716537661988,17390,config 2 req,200,OK,config 2 1-355,text,true,,231,158,119,119,http://localhost:8080/?token=492521322&user=2133571821&config=2,17390,0,1
1716537661973,17405,config 2 req,200,OK,config 2 1-351,text,true,,231,158,119,119,http://localhost:8080/?token=492521322&user=2133571821&config=2,17405,0,1
1716537661961,17417,config 2 req,200,OK,config 2 1-348,text,true,,231,158,119,119,http://localhost:8080/?token=492521322&user=2133571821&config=2,17417,0,0
1716537661965,17413,config 2 req,200,OK,config 2 1-349,text,true,,231,158,119,119,http://localhost:8080/?token=492521322&user=2133571821&config=2,17413,0,0
1716537661992,17386,config 2 req,200,OK,config 2 1-356,text,true,,231,158,119,119,http://localhost:8080/?token=492521322&user=2133571821&config=2,17386,0,1
1716537661997,17381,config 2 req,200,OK,config 2 1-357,text,true,,231,158,119,119,http://localhost:8080/?token=492521322&user=2133571821&config=2,17381,0,0
1716537662001,17377,config 2 req,200,OK,config 2 1-358,text,true,,231,158,118,118,http://localhost:8080/?token=492521322&user=2133571821&config=2,17377,0,0
1716537662004,17374,config 2 req,200,OK,config 2 1-359,text,true,,231,158,117,117,http://localhost:8080/?token=492521322&user=2133571821&config=2,17374,0,1
1716537662009,17369,config 2 req,200,OK,config 2 1-360,text,true,,231,158,117,117,http://localhost:8080/?token=492521322&user=2133571821&config=2,17369,0,0
1716537662013,17365,config 2 req,200,OK,config 2 1-361,text,true,,231,158,116,116,http://localhost:8080/?token=492521322&user=2133571821&config=2,17365,0,0
1716537662017,17361,config 2 req,200,OK,config 2 1-362,text,true,,231,158,115,115,http://localhost:8080/?token=492521322&user=2133571821&config=2,17361,0,0
1716537662021,17357,config 2 req,200,OK,config 2 1-363,text,true,,231,158,115,115,http://localhost:8080/?token=492521322&user=2133571821&config=2,17357,0,0
1716537662025,17353,config 2 req,200,OK,config 2 1-364,text,true,,231,158,114,114,http://localhost:8080/?token=492521322&user=2133571821&config=2,17353,0,0
1716537662029,17349,config 2 req,200,OK,config 2 1-365,text,true,,231,158,114,114,http://localhost:8080/?token=492521322&user=2133571821&config=2,17349,0,0
1716537662032,17346,config 2 req,200,OK,config 2 1-366,text,true,,231,158,114,114,http://localhost:8080/?token=492521322&user=2133571821&config=2,17346,0,0
1716537662036,17342,config 2 req,200,OK,config 2 1-367,text,true,,231,158,108,108,http://localhost:8080/?token=492521322&user=2133571821&config=2,17342,0,0
1716537662040,17338,config 2 req,200,OK,config 2 1-368,text,true,,231,158,107,107,http://localhost:8080/?token=492521322&user=2133571821&config=2,17338,0,1
1716537662044,17334,config 2 req,200,OK,config 2 1-369,text,true,,231,158,107,107,http://localhost:8080/?token=492521322&user=2133571821&config=2,17334,0,1
1716537662049,17329,config 2 req,200,OK,config 2 1-370,text,true,,231,158,107,107,http://localhost:8080/?token=492521322&user=2133571821&config=2,17329,0,0
1716537662053,17325,config 2 req,200,OK,config 2 1-371,text,true,,231,158,106,106,http://localhost:8080/?token=492521322&user=2133571821&config=2,17325,0,0
1716537662057,17321,config 2 req,200,OK,config 2 1-372,text,true,,231,158,106,106,http://localhost:8080/?token=492521322&user=2133571821&config=2,17321,0,0
1716537662061,17317,config 2 req,200,OK,config 2 1-373,text,true,,231,158,106,106,http://localhost:8080/?token=492521322&user=2133571821&config=2,17317,0,0
1716537662065,17313,config 2 req,200,OK,config 2 1-374,text,true,,231,158,105,105,http://localhost:8080/?token=492521322&user=2133571821&config=2,17313,0,0
1716537662069,17310,config 2 req,200,OK,config 2 1-375,text,true,,231,158,104,104,http://localhost:8080/?token=492521322&user=2133571821&config=2,17310,0,0
1716537662072,17307,config 2 req,200,OK,config 2 1-376,text,true,,231,158,104,104,http://localhost:8080/?token=492521322&user=2133571821&config=2,17307,0,0
1716537662077,17302,config 2 req,200,OK,config 2 1-377,text,true,,231,158,103,103,http://localhost:8080/?token=492521322&user=2133571821&config=2,17302,0,0
1716537662080,17299,config 2 req,200,OK,config 2 1-378,text,true,,231,158,103,103,http://localhost:8080/?token=492521322&user=2133571821&config=2,17299,0,0
1716537662084,17295,config 2 req,200,OK,config 2 1-379,text,true,,231,158,99,99,http://localhost:8080/?token=492521322&user=2133571821&config=2,17295,0,0
1716537662088,17291,config 2 req,200,OK,config 2 1-380,text,true,,231,158,99,99,http://localhost:8080/?token=492521322&user=2133571821&config=2,17291,0,0
1716537662092,17287,config 2 req,200,OK,config 2 1-381,text,true,,231,158,99,99,http://localhost:8080/?token=492521322&user=2133571821&config=2,17287,0,1
1716537662096,17283,config 2 req,200,OK,config 2 1-382,text,true,,231,158,98,98,http://localhost:8080/?token=492521322&user=2133571821&config=2,17283,0,1
1716537662100,17279,config 2 req,200,OK,config 2 1-383,text,true,,231,158,98,98,http://localhost:8080/?token=492521322&user=2133571821&config=2,17279,0,1
1716537662105,17274,config 2 req,200,OK,config 2 1-384,text,true,,231,158,97,97,http://localhost:8080/?token=492521322&user=2133571821&config=2,17274,0,0
1716537662109,17270,config 2 req,200,OK,config 2 1-385,text,true,,231,158,97,97,http://localhost:8080/?token=492521322&user=2133571821&config=2,17270,0,0
1716537662113,17266,config 2 req,200,OK,config 2 1-386,text,true,,231,158,95,95,http://localhost:8080/?token=492521322&user=2133571821&config=2,17266,0,0
1716537662117,17262,config 2 req,200,OK,config 2 1-387,text,true,,231,158,94,94,http://localhost:8080/?token=492521322&user=2133571821&config=2,17262,0,0
1716537662121,17258,config 2 req,200,OK,config 2 1-388,text,true,,231,158,94,94,http://localhost:8080/?token=492521322&user=2133571821&config=2,17258,0,0
1716537662124,17255,config 2 req,200,OK,config 2 1-389,text,true,,231,158,94,94,http://localhost:8080/?token=492521322&user=2133571821&config=2,17255,0,0
1716537662129,17250,config 2 req,200,OK,config 2 1-390,text,true,,231,158,93,93,http://localhost:8080/?token=492521322&user=2133571821&config=2,17250,0,1
1716537662132,17247,config 2 req,200,OK,config 2 1-391,text,true,,231,158,93,93,http://localhost:8080/?token=492521322&user=2133571821&config=2,17247,0,0
1716537662136,17243,config 2 req,200,OK,config 2 1-392,text,true,,231,158,92,92,http://localhost:8080/?token=492521322&user=2133571821&config=2,17243,0,0
1716537662140,17239,config 2 req,200,OK,config 2 1-393,text,true,,231,158,91,91,http://localhost:8080/?token=492521322&user=2133571821&config=2,17239,0,0
1716537662144,17235,config 2 req,200,OK,config 2 1-394,text,true,,231,158,88,88,http://localhost:8080/?token=492521322&user=2133571821&config=2,17235,0,1
1716537662148,17231,config 2 req,200,OK,config 2 1-395,text,true,,231,158,86,86,http://localhost:8080/?token=492521322&user=2133571821&config=2,17231,0,1
1716537662153,17226,config 2 req,200,OK,config 2 1-396,text,true,,231,158,85,85,http://localhost:8080/?token=492521322&user=2133571821&config=2,17226,0,0
1716537662161,17218,config 2 req,200,OK,config 2 1-398,text,true,,231,158,84,84,http://localhost:8080/?token=492521322&user=2133571821&config=2,17218,0,0
1716537662481,16899,config 2 req,500,Internal Server Error,config 2 1-478,text,false,,233,158,66,66,http://localhost:8080/?token=492521322&user=2133571821&config=2,16899,0,0
1716537662476,16904,config 2 req,500,Internal Server Error,config 2 1-477,text,false,,233,158,66,66,http://localhost:8080/?token=492521322&user=2133571821&config=2,16904,0,1
1716537662464,16915,config 2 req,500,Internal Server Error,config 2 1-474,text,false,,233,158,66,66,http://localhost:8080/?token=492521322&user=2133571821&config=2,16915,0,0
1716537662501,16879,config 2 req,500,Internal Server Error,config 2 1-483,text,false,,233,158,66,66,http://localhost:8080/?token=492521322&user=2133571821&config=2,16879,0,0
1716537662456,16923,config 2 req,500,Internal Server Error,config 2 1-472,text,false,,233,158,66,66,http://localhost:8080/?token=492521322&user=2133571821&config=2,16923,0,0
1716537662472,16908,config 2 req,500,Internal Server Error,config 2 1-476,text,false,,233,158,66,66,http://localhost:8080/?token=492521322&user=2133571821&config=2,16907,0,1
1716537662460,16920,config 2 req,500,Internal Server Error,config 2 1-473,text,false,,233,158,66,66,http://localhost:8080/?token=492521322&user=2133571821&config=2,16920,0,0
1716537662468,16912,config 2 req,500,Internal Server Error,config 2 1-475,text,false,,233,158,66,66,http://localhost:8080/?token=492521322&user=2133571821&config=2,16911,0,1
1716537662453,16926,config 2 req,500,Internal Server Error,config 2 1-471,text,false,,233,158,66,66,http://localhost:8080/?token=492521322&user=2133571821&config=2,16926,0,0
1716537662200,17788,config 2 req,200,OK,config 2 1-408,text,true,,231,158,57,57,http://localhost:8080/?token=492521322&user=2133571821&config=2,17788,0,1
1716537662181,17807,config 2 req,200,OK,config 2 1-403,text,true,,231,158,57,57,http://localhost:8080/?token=492521322&user=2133571821&config=2,17807,0,0
1716537662204,17784,config 2 req,200,OK,config 2 1-409,text,true,,231,158,57,57,http://localhost:8080/?token=492521322&user=2133571821&config=2,17784,0,0
1716537662209,17779,config 2 req,200,OK,config 2 1-410,text,true,,231,158,57,57,http://localhost:8080/?token=492521322&user=2133571821&config=2,17779,0,0
1716537662176,17812,config 2 req,200,OK,config 2 1-402,text,true,,231,158,57,57,http://localhost:8080/?token=492521322&user=2133571821&config=2,17812,0,0
1716537662217,17771,config 2 req,200,OK,config 2 1-412,text,true,,231,158,57,57,http://localhost:8080/?token=492521322&user=2133571821&config=2,17771,0,0
1716537662221,17767,config 2 req,200,OK,config 2 1-413,text,true,,231,158,57,57,http://localhost:8080/?token=492521322&user=2133571821&config=2,17767,0,0
1716537662165,17823,config 2 req,200,OK,config 2 1-399,text,true,,231,158,57,57,http://localhost:8080/?token=492521322&user=2133571821&config=2,17823,0,0
1716537662213,17775,config 2 req,200,OK,config 2 1-411,text,true,,231,158,57,57,http://localhost:8080/?token=492521322&user=2133571821&config=2,17775,0,0
1716537662196,17792,config 2 req,200,OK,config 2 1-407,text,true,,231,158,57,57,http://localhost:8080/?token=492521322&user=2133571821&config=2,17792,0,1
1716537662188,17800,config 2 req,200,OK,config 2 1-405,text,true,,231,158,57,57,http://localhost:8080/?token=492521322&user=2133571821&config=2,17800,0,0
1716537662229,17759,config 2 req,200,OK,config 2 1-415,text,true,,231,158,57,57,http://localhost:8080/?token=492521322&user=2133571821&config=2,17759,0,0
1716537662224,17764,config 2 req,200,OK,config 2 1-414,text,true,,231,158,57,57,http://localhost:8080/?token=492521322&user=2133571821&config=2,17764,0,0
1716537662169,17819,config 2 req,200,OK,config 2 1-400,text,true,,231,158,57,57,http://localhost:8080/?token=492521322&user=2133571821&config=2,17819,0,0
1716537662157,17831,config 2 req,200,OK,config 2 1-397,text,true,,231,158,57,57,http://localhost:8080/?token=492521322&user=2133571821&config=2,17831,0,0
1716537662232,17757,config 2 req,200,OK,config 2 1-416,text,true,,231,158,57,57,http://localhost:8080/?token=492521322&user=2133571821&config=2,17757,0,0
1716537662184,17804,config 2 req,200,OK,config 2 1-404,text,true,,231,158,57,57,http://localhost:8080/?token=492521322&user=2133571821&config=2,17804,0,0
1716537662236,17753,config 2 req,200,OK,config 2 1-417,text,true,,231,158,57,57,http://localhost:8080/?token=492521322&user=2133571821&config=2,17753,0,0
1716537662173,17815,config 2 req,200,OK,config 2 1-401,text,true,,231,158,57,57,http://localhost:8080/?token=492521322&user=2133571821&config=2,17815,0,0
1716537662192,17796,config 2 req,200,OK,config 2 1-406,text,true,,231,158,57,57,http://localhost:8080/?token=492521322&user=2133571821&config=2,17796,0,0
1716537662240,17749,config 2 req,200,OK,config 2 1-418,text,true,,231,158,54,54,http://localhost:8080/?token=492521322&user=2133571821&config=2,17749,0,0
1716537662244,17745,config 2 req,200,OK,config 2 1-419,text,true,,231,158,53,53,http://localhost:8080/?token=492521322&user=2133571821&config=2,17745,0,1
1716537662248,17741,config 2 req,200,OK,config 2 1-420,text,true,,231,158,53,53,http://localhost:8080/?token=492521322&user=2133571821&config=2,17741,0,1
1716537662253,17736,config 2 req,200,OK,config 2 1-421,text,true,,231,158,53,53,http://localhost:8080/?token=492521322&user=2133571821&config=2,17736,0,0
1716537662320,17669,config 2 req,200,OK,config 2 1-438,text,true,,231,158,45,45,http://localhost:8080/?token=492521322&user=2133571821&config=2,17669,0,0
1716537662324,17665,config 2 req,200,OK,config 2 1-439,text,true,,231,158,45,45,http://localhost:8080/?token=492521322&user=2133571821&config=2,17665,0,0
1716537662317,17672,config 2 req,200,OK,config 2 1-437,text,true,,231,158,46,46,http://localhost:8080/?token=492521322&user=2133571821&config=2,17672,0,0
1716537662328,17661,config 2 req,200,OK,config 2 1-440,text,true,,231,158,44,44,http://localhost:8080/?token=492521322&user=2133571821&config=2,17661,0,0
1716537662332,17657,config 2 req,200,OK,config 2 1-441,text,true,,231,158,44,44,http://localhost:8080/?token=492521322&user=2133571821&config=2,17657,0,0
1716537662337,17652,config 2 req,200,OK,config 2 1-442,text,true,,231,158,44,44,http://localhost:8080/?token=492521322&user=2133571821&config=2,17652,0,0
1716537662313,17676,config 2 req,200,OK,config 2 1-436,text,true,,231,158,47,47,http://localhost:8080/?token=492521322&user=2133571821&config=2,17676,0,0
1716537662341,17648,config 2 req,200,OK,config 2 1-443,text,true,,231,158,44,44,http://localhost:8080/?token=492521322&user=2133571821&config=2,17648,0,0
1716537662309,17680,config 2 req,200,OK,config 2 1-435,text,true,,231,158,47,47,http://localhost:8080/?token=492521322&user=2133571821&config=2,17680,0,0
1716537662305,17684,config 2 req,200,OK,config 2 1-434,text,true,,231,158,47,47,http://localhost:8080/?token=492521322&user=2133571821&config=2,17684,0,0
1716537662345,17644,config 2 req,200,OK,config 2 1-444,text,true,,231,158,43,43,http://localhost:8080/?token=492521322&user=2133571821&config=2,17644,0,0
1716537662301,17688,config 2 req,200,OK,config 2 1-433,text,true,,231,158,47,47,http://localhost:8080/?token=492521322&user=2133571821&config=2,17688,0,0
1716537662297,17692,config 2 req,200,OK,config 2 1-432,text,true,,231,158,48,48,http://localhost:8080/?token=492521322&user=2133571821&config=2,17692,0,0
1716537662349,17640,config 2 req,200,OK,config 2 1-445,text,true,,231,158,43,43,http://localhost:8080/?token=492521322&user=2133571821&config=2,17640,0,0
1716537662293,17696,config 2 req,200,OK,config 2 1-431,text,true,,231,158,49,49,http://localhost:8080/?token=492521322&user=2133571821&config=2,17696,0,0
1716537662353,17636,config 2 req,200,OK,config 2 1-446,text,true,,231,158,42,42,http://localhost:8080/?token=492521322&user=2133571821&config=2,17636,0,0
1716537662288,17701,config 2 req,200,OK,config 2 1-430,text,true,,231,158,49,49,http://localhost:8080/?token=492521322&user=2133571821&config=2,17701,0,1
1716537662357,17632,config 2 req,200,OK,config 2 1-447,text,true,,231,158,42,42,http://localhost:8080/?token=492521322&user=2133571821&config=2,17632,0,0
1716537662360,17629,config 2 req,200,OK,config 2 1-448,text,true,,231,158,42,42,http://localhost:8080/?token=492521322&user=2133571821&config=2,17629,0,0
1716537662365,17624,config 2 req,200,OK,config 2 1-449,text,true,,231,158,41,41,http://localhost:8080/?token=492521322&user=2133571821&config=2,17624,0,0
1716537662284,17705,config 2 req,200,OK,config 2 1-429,text,true,,231,158,50,50,http://localhost:8080/?token=492521322&user=2133571821&config=2,17705,0,1
1716537662280,17709,config 2 req,200,OK,config 2 1-428,text,true,,231,158,50,50,http://localhost:8080/?token=492521322&user=2133571821&config=2,17709,0,1
1716537662276,17713,config 2 req,200,OK,config 2 1-427,text,true,,231,158,51,51,http://localhost:8080/?token=492521322&user=2133571821&config=2,17713,0,0
1716537662368,17621,config 2 req,200,OK,config 2 1-450,text,true,,231,158,41,41,http://localhost:8080/?token=492521322&user=2133571821&config=2,17621,0,0
1716537662372,17618,config 2 req,200,OK,config 2 1-451,text,true,,231,158,40,40,http://localhost:8080/?token=492521322&user=2133571821&config=2,17617,0,1
1716537662273,17716,config 2 req,200,OK,config 2 1-426,text,true,,231,158,51,51,http://localhost:8080/?token=492521322&user=2133571821&config=2,17716,0,0
1716537662376,17614,config 2 req,200,OK,config 2 1-452,text,true,,231,158,40,40,http://localhost:8080/?token=492521322&user=2133571821&config=2,17614,0,0
1716537662268,17721,config 2 req,200,OK,config 2 1-425,text,true,,231,158,51,51,http://localhost:8080/?token=492521322&user=2133571821&config=2,17721,0,0
1716537662265,17724,config 2 req,200,OK,config 2 1-424,text,true,,231,158,52,52,http://localhost:8080/?token=492521322&user=2133571821&config=2,17724,0,0
1716537662257,17732,config 2 req,200,OK,config 2 1-422,text,true,,231,158,53,53,http://localhost:8080/?token=492521322&user=2133571821&config=2,17732,0,0
1716537662261,17728,config 2 req,200,OK,config 2 1-423,text,true,,231,158,52,52,http://localhost:8080/?token=492521322&user=2133571821&config=2,17728,0,0
1716537662384,17606,config 2 req,200,OK,config 2 1-454,text,true,,231,158,39,39,http://localhost:8080/?token=492521322&user=2133571821&config=2,17606,0,1
1716537662397,17593,config 2 req,200,OK,config 2 1-457,text,true,,231,158,37,37,http://localhost:8080/?token=492521322&user=2133571821&config=2,17593,0,0
